n_overlap,spearman_rank_corr,top5_jaccard,top10_jaccard,mean_abs_rank_gap,mean_abs_share_gap
6,0.3714285714285715,0.6666666666666666,1.0,1.6666666666666667,0.049170266069446376
