n_overlap,spearman_rank_corr,top5_jaccard,top10_jaccard,mean_abs_rank_gap,mean_abs_share_gap
60,0.7481510769995379,0.1111111111111111,0.42857142857142855,9.6,0.027659365691543362
